"","BarcodeSequence","LinkerPrimerSequence","InputFastaFileName","Description","Run","sampleID_long","Project","sampType","SampleID"
"MERDSSG100","TATAGCGA+CTAGAGCT","TACGGTAGCAGAGACTTGGTCTGGACTACHVGGGTWTCTAAT",NA,"Soils from MERDS Switchgrass pots","20190617_16S-V4_PE250","MERDS_SG_100","MERDS_SG","Pot","MERDSSG100"
"MERDSSG103","TATAGCGA+GCTCTAGT","TACGGTAGCAGAGACTTGGTCTGGACTACHVGGGTWTCTAAT",NA,"Soils from MERDS Switchgrass pots","20190617_16S-V4_PE250","MERDS_SG_103","MERDS_SG","Pot","MERDSSG103"
"MERDSSG109","TATAGCGA+GACACTGA","TACGGTAGCAGAGACTTGGTCTGGACTACHVGGGTWTCTAAT",NA,"Soils from MERDS Switchgrass pots","20190617_16S-V4_PE250","MERDS_SG_109","MERDS_SG","Pot","MERDSSG109"
"MERDSSG10","ACTACGAC+CTAGAGCT","TACGGTAGCAGAGACTTGGTCTGGACTACHVGGGTWTCTAAT",NA,"Soils from MERDS Switchgrass pots","20190617_16S-V4_PE250","MERDS_SG_10","MERDS_SG","Pot","MERDSSG10"
"MERDSSG112","TATAGCGA+TGCGTACG","TACGGTAGCAGAGACTTGGTCTGGACTACHVGGGTWTCTAAT",NA,"Soils from MERDS Switchgrass pots","20190617_16S-V4_PE250","MERDS_SG_112","MERDS_SG","Pot","MERDSSG112"
"MERDSSG115","TATAGCGA+TAGTGTAG","TACGGTAGCAGAGACTTGGTCTGGACTACHVGGGTWTCTAAT",NA,"Soils from MERDS Switchgrass pots","20190617_16S-V4_PE250","MERDS_SG_115","MERDS_SG","Pot","MERDSSG115"
"MERDSSG118","GCGTATAC+ATCGTACG","TACGGTAGCAGAGACTTGGTCTGGACTACHVGGGTWTCTAAT",NA,"Soils from MERDS Switchgrass pots","20190617_16S-V4_PE250","MERDS_SG_118","MERDS_SG","Pot","MERDSSG118"
"MERDSSG124","GCGTATAC+ACTATCTG","TACGGTAGCAGAGACTTGGTCTGGACTACHVGGGTWTCTAAT",NA,"Soils from MERDS Switchgrass pots","20190617_16S-V4_PE250","MERDS_SG_124","MERDS_SG","Pot","MERDSSG124"
"MERDSSG127","GCGTATAC+TAGCGAGT","TACGGTAGCAGAGACTTGGTCTGGACTACHVGGGTWTCTAAT",NA,"Soils from MERDS Switchgrass pots","20190617_16S-V4_PE250","MERDS_SG_127","MERDS_SG","Pot","MERDSSG127"
"MERDSSG130","GCGTATAC+CTGCGTGT","TACGGTAGCAGAGACTTGGTCTGGACTACHVGGGTWTCTAAT",NA,"Soils from MERDS Switchgrass pots","20190617_16S-V4_PE250","MERDS_SG_130","MERDS_SG","Pot","MERDSSG130"
"MERDSSG133","GCGTATAC+TCATCGAG","TACGGTAGCAGAGACTTGGTCTGGACTACHVGGGTWTCTAAT",NA,"Soils from MERDS Switchgrass pots","20190617_16S-V4_PE250","MERDS_SG_133","MERDS_SG","Pot","MERDSSG133"
"MERDSSG139","GCGTATAC+CGTGAGTG","TACGGTAGCAGAGACTTGGTCTGGACTACHVGGGTWTCTAAT",NA,"Soils from MERDS Switchgrass pots","20190617_16S-V4_PE250","MERDS_SG_139","MERDS_SG","Pot","MERDSSG139"
"MERDSSG142","GCGTATAC+GGATATCT","TACGGTAGCAGAGACTTGGTCTGGACTACHVGGGTWTCTAAT",NA,"Soils from MERDS Switchgrass pots","20190617_16S-V4_PE250","MERDS_SG_142","MERDS_SG","Pot","MERDSSG142"
"MERDSSG145","GCGTATAC+GACACCGT","TACGGTAGCAGAGACTTGGTCTGGACTACHVGGGTWTCTAAT",NA,"Soils from MERDS Switchgrass pots","20190617_16S-V4_PE250","MERDS_SG_145","MERDS_SG","Pot","MERDSSG145"
"MERDSSG148","TGCTCGTA+ATCGTACG","TACGGTAGCAGAGACTTGGTCTGGACTACHVGGGTWTCTAAT",NA,"Soils from MERDS Switchgrass pots","20190617_16S-V4_PE250","MERDS_SG_148","MERDS_SG","Pot","MERDSSG148"
"MERDSSG14","ACTACGAC+GCTCTAGT","TACGGTAGCAGAGACTTGGTCTGGACTACHVGGGTWTCTAAT",NA,"Soils from MERDS Switchgrass pots","20190617_16S-V4_PE250","MERDS_SG_14","MERDS_SG","Pot","MERDSSG14"
"MERDSSG154","TGCTCGTA+ACTATCTG","TACGGTAGCAGAGACTTGGTCTGGACTACHVGGGTWTCTAAT",NA,"Soils from MERDS Switchgrass pots","20190617_16S-V4_PE250","MERDS_SG_154","MERDS_SG","Pot","MERDSSG154"
"MERDSSG157","TGCTCGTA+TAGCGAGT","TACGGTAGCAGAGACTTGGTCTGGACTACHVGGGTWTCTAAT",NA,"Soils from MERDS Switchgrass pots","20190617_16S-V4_PE250","MERDS_SG_157","MERDS_SG","Pot","MERDSSG157"
"MERDSSG160","TGCTCGTA+CTGCGTGT","TACGGTAGCAGAGACTTGGTCTGGACTACHVGGGTWTCTAAT",NA,"Soils from MERDS Switchgrass pots","20190617_16S-V4_PE250","MERDS_SG_160","MERDS_SG","Pot","MERDSSG160"
"MERDSSG163","TGCTCGTA+TCATCGAG","TACGGTAGCAGAGACTTGGTCTGGACTACHVGGGTWTCTAAT",NA,"Soils from MERDS Switchgrass pots","20190617_16S-V4_PE250","MERDS_SG_163","MERDS_SG","Pot","MERDSSG163"
"MERDSSG169","TGCTCGTA+CGTGAGTG","TACGGTAGCAGAGACTTGGTCTGGACTACHVGGGTWTCTAAT",NA,"Soils from MERDS Switchgrass pots","20190617_16S-V4_PE250","MERDS_SG_169","MERDS_SG","Pot","MERDSSG169"
"MERDSSG172","TGCTCGTA+GGATATCT","TACGGTAGCAGAGACTTGGTCTGGACTACHVGGGTWTCTAAT",NA,"Soils from MERDS Switchgrass pots","20190617_16S-V4_PE250","MERDS_SG_172","MERDS_SG","Pot","MERDSSG172"
"MERDSSG175","TGCTCGTA+GACACCGT","TACGGTAGCAGAGACTTGGTCTGGACTACHVGGGTWTCTAAT",NA,"Soils from MERDS Switchgrass pots","20190617_16S-V4_PE250","MERDS_SG_175","MERDS_SG","Pot","MERDSSG175"
"MERDSSG178","AACGCTGA+ATCGTACG","TACGGTAGCAGAGACTTGGTCTGGACTACHVGGGTWTCTAAT",NA,"Soils from MERDS Switchgrass pots","20190617_16S-V4_PE250","MERDS_SG_178","MERDS_SG","Pot","MERDSSG178"
"MERDSSG20","ACTACGAC+GACACTGA","TACGGTAGCAGAGACTTGGTCTGGACTACHVGGGTWTCTAAT",NA,"Soils from MERDS Switchgrass pots","20190617_16S-V4_PE250","MERDS_SG_20","MERDS_SG","Pot","MERDSSG20"
"MERDSSG23","ACTACGAC+TGCGTACG","TACGGTAGCAGAGACTTGGTCTGGACTACHVGGGTWTCTAAT",NA,"Soils from MERDS Switchgrass pots","20190617_16S-V4_PE250","MERDS_SG_23","MERDS_SG","Pot","MERDSSG23"
"MERDSSG25","ACTACGAC+TAGTGTAG","TACGGTAGCAGAGACTTGGTCTGGACTACHVGGGTWTCTAAT",NA,"Soils from MERDS Switchgrass pots","20190617_16S-V4_PE250","MERDS_SG_25","MERDS_SG","Pot","MERDSSG25"
"MERDSSG30","GTCTGCTA+ACGACGTG","TACGGTAGCAGAGACTTGGTCTGGACTACHVGGGTWTCTAAT",NA,"Soils from MERDS Switchgrass pots","20190617_16S-V4_PE250","MERDS_SG_30","MERDS_SG","Pot","MERDSSG30"
"MERDSSG37","GTCTGCTA+ATATACAC","TACGGTAGCAGAGACTTGGTCTGGACTACHVGGGTWTCTAAT",NA,"Soils from MERDS Switchgrass pots","20190617_16S-V4_PE250","MERDS_SG_37","MERDS_SG","Pot","MERDSSG37"
"MERDSSG39","GTCTGCTA+CGTCGCTA","TACGGTAGCAGAGACTTGGTCTGGACTACHVGGGTWTCTAAT",NA,"Soils from MERDS Switchgrass pots","20190617_16S-V4_PE250","MERDS_SG_39","MERDS_SG","Pot","MERDSSG39"
"MERDSSG42","GTCTGCTA+CTAGAGCT","TACGGTAGCAGAGACTTGGTCTGGACTACHVGGGTWTCTAAT",NA,"Soils from MERDS Switchgrass pots","20190617_16S-V4_PE250","MERDS_SG_42","MERDS_SG","Pot","MERDSSG42"
"MERDSSG44","GTCTGCTA+GCTCTAGT","TACGGTAGCAGAGACTTGGTCTGGACTACHVGGGTWTCTAAT",NA,"Soils from MERDS Switchgrass pots","20190617_16S-V4_PE250","MERDS_SG_44","MERDS_SG","Pot","MERDSSG44"
"MERDSSG49","GTCTGCTA+GACACTGA","TACGGTAGCAGAGACTTGGTCTGGACTACHVGGGTWTCTAAT",NA,"Soils from MERDS Switchgrass pots","20190617_16S-V4_PE250","MERDS_SG_49","MERDS_SG","Pot","MERDSSG49"
"MERDSSG4","ACTACGAC+ATATACAC","TACGGTAGCAGAGACTTGGTCTGGACTACHVGGGTWTCTAAT",NA,"Soils from MERDS Switchgrass pots","20190617_16S-V4_PE250","MERDS_SG_4","MERDS_SG","Pot","MERDSSG4"
"MERDSSG52","GTCTGCTA+TGCGTACG","TACGGTAGCAGAGACTTGGTCTGGACTACHVGGGTWTCTAAT",NA,"Soils from MERDS Switchgrass pots","20190617_16S-V4_PE250","MERDS_SG_52","MERDS_SG","Pot","MERDSSG52"
"MERDSSG55","GTCTGCTA+TAGTGTAG","TACGGTAGCAGAGACTTGGTCTGGACTACHVGGGTWTCTAAT",NA,"Soils from MERDS Switchgrass pots","20190617_16S-V4_PE250","MERDS_SG_55","MERDS_SG","Pot","MERDSSG55"
"MERDSSG58","GTCTATGA+ACGACGTG","TACGGTAGCAGAGACTTGGTCTGGACTACHVGGGTWTCTAAT",NA,"Soils from MERDS Switchgrass pots","20190617_16S-V4_PE250","MERDS_SG_58","MERDS_SG","Pot","MERDSSG58"
"MERDSSG64","GTCTATGA+ATATACAC","TACGGTAGCAGAGACTTGGTCTGGACTACHVGGGTWTCTAAT",NA,"Soils from MERDS Switchgrass pots","20190617_16S-V4_PE250","MERDS_SG_64","MERDS_SG","Pot","MERDSSG64"
"MERDSSG67","GTCTATGA+CGTCGCTA","TACGGTAGCAGAGACTTGGTCTGGACTACHVGGGTWTCTAAT",NA,"Soils from MERDS Switchgrass pots","20190617_16S-V4_PE250","MERDS_SG_67","MERDS_SG","Pot","MERDSSG67"
"MERDSSG6","ACTACGAC+CGTCGCTA","TACGGTAGCAGAGACTTGGTCTGGACTACHVGGGTWTCTAAT",NA,"Soils from MERDS Switchgrass pots","20190617_16S-V4_PE250","MERDS_SG_6","MERDS_SG","Pot","MERDSSG6"
"MERDSSG72","GTCTATGA+CTAGAGCT","TACGGTAGCAGAGACTTGGTCTGGACTACHVGGGTWTCTAAT",NA,"Soils from MERDS Switchgrass pots","20190617_16S-V4_PE250","MERDS_SG_72","MERDS_SG","Pot","MERDSSG72"
"MERDSSG73","GTCTATGA+GCTCTAGT","TACGGTAGCAGAGACTTGGTCTGGACTACHVGGGTWTCTAAT",NA,"Soils from MERDS Switchgrass pots","20190617_16S-V4_PE250","MERDS_SG_73","MERDS_SG","Pot","MERDSSG73"
"MERDSSG79","GTCTATGA+GACACTGA","TACGGTAGCAGAGACTTGGTCTGGACTACHVGGGTWTCTAAT",NA,"Soils from MERDS Switchgrass pots","20190617_16S-V4_PE250","MERDS_SG_79","MERDS_SG","Pot","MERDSSG79"
"MERDSSG84","GTCTATGA+TGCGTACG","TACGGTAGCAGAGACTTGGTCTGGACTACHVGGGTWTCTAAT",NA,"Soils from MERDS Switchgrass pots","20190617_16S-V4_PE250","MERDS_SG_84","MERDS_SG","Pot","MERDSSG84"
"MERDSSG85","GTCTATGA+TAGTGTAG","TACGGTAGCAGAGACTTGGTCTGGACTACHVGGGTWTCTAAT",NA,"Soils from MERDS Switchgrass pots","20190617_16S-V4_PE250","MERDS_SG_85","MERDS_SG","Pot","MERDSSG85"
"MERDSSG89","TATAGCGA+ACGACGTG","TACGGTAGCAGAGACTTGGTCTGGACTACHVGGGTWTCTAAT",NA,"Soils from MERDS Switchgrass pots","20190617_16S-V4_PE250","MERDS_SG_89","MERDS_SG","Pot","MERDSSG89"
"MERDSSG94","TATAGCGA+ATATACAC","TACGGTAGCAGAGACTTGGTCTGGACTACHVGGGTWTCTAAT",NA,"Soils from MERDS Switchgrass pots","20190617_16S-V4_PE250","MERDS_SG_94","MERDS_SG","Pot","MERDSSG94"
"MERDSSG97","TATAGCGA+CGTCGCTA","TACGGTAGCAGAGACTTGGTCTGGACTACHVGGGTWTCTAAT",NA,"Soils from MERDS Switchgrass pots","20190617_16S-V4_PE250","MERDS_SG_97","MERDS_SG","Pot","MERDSSG97"
"MERDSSGB2","AACGCTGA+CGTGAGTG","TACGGTAGCAGAGACTTGGTCTGGACTACHVGGGTWTCTAAT",NA,"Soils from MERDS Switchgrass pots","20190617_16S-V4_PE250","MERDS_SG_B2","MERDS_SG","Pot","MERDSSGB2"
"MERDSSGB3","AACGCTGA+GGATATCT","TACGGTAGCAGAGACTTGGTCTGGACTACHVGGGTWTCTAAT",NA,"Soils from MERDS Switchgrass pots","20190617_16S-V4_PE250","MERDS_SG_B3","MERDS_SG","Pot","MERDSSGB3"
"MERDSSGB4","AACGCTGA+GACACCGT","TACGGTAGCAGAGACTTGGTCTGGACTACHVGGGTWTCTAAT",NA,"Soils from MERDS Switchgrass pots","20190617_16S-V4_PE250","MERDS_SG_B4","MERDS_SG","Pot","MERDSSGB4"
"MERDSSGB5","CGTAGCGA+ATCGTACG","TACGGTAGCAGAGACTTGGTCTGGACTACHVGGGTWTCTAAT",NA,"Soils from MERDS Switchgrass pots","20190617_16S-V4_PE250","MERDS_SG_B5","MERDS_SG","Pot","MERDSSGB5"
"MERDSSGZ2","AACGCTGA+ACTATCTG","TACGGTAGCAGAGACTTGGTCTGGACTACHVGGGTWTCTAAT",NA,"Soils from MERDS Switchgrass pots","20190617_16S-V4_PE250","MERDS_SG_Z2","MERDS_SG","Pot","MERDSSGZ2"
"MERDSSGZ3","AACGCTGA+TAGCGAGT","TACGGTAGCAGAGACTTGGTCTGGACTACHVGGGTWTCTAAT",NA,"Soils from MERDS Switchgrass pots","20190617_16S-V4_PE250","MERDS_SG_Z3","MERDS_SG","Pot","MERDSSGZ3"
"MERDSSGZ4","AACGCTGA+CTGCGTGT","TACGGTAGCAGAGACTTGGTCTGGACTACHVGGGTWTCTAAT",NA,"Soils from MERDS Switchgrass pots","20190617_16S-V4_PE250","MERDS_SG_Z4","MERDS_SG","Pot","MERDSSGZ4"
"MERDSSGZ5","AACGCTGA+TCATCGAG","TACGGTAGCAGAGACTTGGTCTGGACTACHVGGGTWTCTAAT",NA,"Soils from MERDS Switchgrass pots","20190617_16S-V4_PE250","MERDS_SG_Z5","MERDS_SG","Pot","MERDSSGZ5"
